<?xml version="1.0" encoding="utf-8" ?>
<parameters >
  <!--appSettings-->
  <parameter name="LogoffUrl" description="Please provide the UAG log off URL" defaultValue="__LogoffUrl__" tags="">
    <parameterEntry kind="XmlFile" scope="\\web.config$" match="//appSettings/add[@key='LogoffUrl']/@value" />
  </parameter>

  <parameter name="ChangePasswordInitUrl" description="Please provide the UAG change password initialization URL" defaultValue="__ChangePasswordInitUrl__" tags="">
    <parameterEntry kind="XmlFile" scope="\\web.config$" match="//appSettings/add[@key='ChangePasswordInitUrl']/@value" />
  </parameter>

  <parameter name="ChangePasswordUrl" description="Please provide the UAG change password URL" defaultValue="__ChangePasswordUrl__" tags="">
    <parameterEntry kind="XmlFile" scope="\\web.config$" match="//appSettings/add[@key='ChangePasswordUrl']/@value" />
  </parameter>

  <parameter name="dropFolderPath" description="please provide path to drop folder" defaultValue="__dropFolderPath__" tags="">
    <parameterEntry kind="XmlFile" scope="\\web.config$" match="//appSettings/add[@key='dropFolderPath']/@value" />
  </parameter>

  <parameter name="applicationName" description="application name" defaultValue="__applicationName__" tags="">
    <parameterEntry kind="XmlFile" scope="\\web.config$" match="//appSettings/add[@key='applicationName']/@value" />
  </parameter>

  <parameter name="appEnv" description="application environment" defaultValue="__appEnv__" tags="">
    <parameterEntry kind="XmlFile" scope="\\web.config$" match="//appSettings/add[@key='appEnv']/@value" />
  </parameter>

  <!-- [S.L] - Yasmin and Dinesh stuff were not added to auto deploy, adding these -->
  <parameter name="templatesFolderPath" description="template file location" defaultValue="__templatesFolderPath__" tags="">
    <parameterValidation kind="AllowEmpty" />
    <parameterEntry kind="XmlFile" scope="\\web.config$" match="//appSettings/add[@key='templatesFolderPath']/@value" />
  </parameter>

  <parameter name="EulaVersion" description="Eula Version" defaultValue="__EulaVersion__" tags="">
    <parameterEntry kind="XmlFile" scope="\\web.config$" match="//appSettings/add[@key='EulaVersion']/@value" />
  </parameter>

  <!-- [S.L] Scheduling features added -->
  <parameter name="showNumberOfPeriods" description="Show Number of Periods in dropdown" defaultValue="__showNumberOfPeriods__" tags="">
    <parameterEntry kind="XmlFile" scope="\\web.config$" match="//appSettings/add[@key='showNumberOfPeriods']/@value" />
  </parameter>

  <parameter name="isAllowedOverrideDateTime" description="Allow override date time for QA, set to false for production" defaultValue="__isAllowedOverrideDateTime__" tags="">
    <parameterEntry kind="XmlFile" scope="\\web.config$" match="//appSettings/add[@key='isAllowedOverrideDateTime']/@value" />
  </parameter>

  <!--uma service-->

  <parameter name="UMA Application User Endpoint" description="Please provide the URL for the UMA Application User service endpoint" defaultValue="__UmaApplicationUserEndpoint__" tags="">
    <parameterEntry kind="XmlFile" scope="\\web.config$" match="//system.serviceModel/client/endpoint[@name='UmaApplicationUserService']/@address" />
  </parameter>

  <parameter name="UMA Role Provider Endpoint" description="Please provide the URL for the UMA Role Provider service endpoint" defaultValue="__UmaRoleProviderEndpoint__" tags="">
    <parameterEntry kind="XmlFile" scope="\\web.config$" match="//system.serviceModel/client/endpoint[@name='UmaRoleProviderService']/@address" />
  </parameter>

  <!--uma application configuration-->
  <parameter name="UMA Application User Configuration" description="Please provide the application name for the UMA Appliction User service" defaultValue="__UmaApplicationUserConfiguration__" tags="">
    <parameterEntry kind="XmlFile" scope="\\web.config$" match="//umaApplicationUserConfiguration/@applicationName" />
  </parameter>

  <!--connectionStrings-->
  <parameter name="PortalConfiguration-Web.config Connection String" description="Connection string to " defaultValue="metadata=res://*/PortalConfiguration.csdl|res://*/PortalConfiguration.ssdl|res://*/PortalConfiguration.msl;provider=System.Data.SqlClient;provider connection string=&quot;data source=__PortalDbServer__;initial catalog=__PortalDbName__;integrated security=True;MultipleActiveResultSets=True;application name=EntityFramework&quot;" tags="">
    <parameterEntry kind="XmlFile" scope="\\web.config$" match="//connectionStrings/add[@name='PortalConfiguration']/@connectionString" />
  </parameter>

  <parameter name="SubmissionLog-Web.config Connection String" description="Connection string to " defaultValue="metadata=res://*/SubmissionLog.csdl|res://*/SubmissionLog.ssdl|res://*/SubmissionLog.msl;provider=System.Data.SqlClient;provider connection string=&quot;data source=__PortalDbServer__;initial catalog=__PortalDbName__;integrated security=True;multipleactiveresultsets=True;application name=EntityFramework&quot;" tags="">
    <parameterEntry kind="XmlFile" scope="\\web.config$" match="//connectionStrings/add[@name='SubmissionLog']/@connectionString" />
  </parameter>

  <parameter name="AuditLog-Web.config Connection String" description="Connection string to " defaultValue="metadata=res://*/AuditLog.csdl|res://*/AuditLog.ssdl|res://*/AuditLog.msl;provider=System.Data.SqlClient;provider connection string=&quot;data source=__PortalDbServer__;initial catalog=__PortalDbName__;integrated security=True;MultipleActiveResultSets=True;application name=EntityFramework&quot;" tags="">
    <parameterEntry kind="XmlFile" scope="\\web.config$" match="//connectionStrings/add[@name='AuditLog']/@connectionString" />
  </parameter>

  <parameter name="EDWSubmissionLog-Web.config Connection String" description="Connection string to " defaultValue="metadata=res://*/EDWSubmissionLog.csdl|res://*/EDWSubmissionLog.ssdl|res://*/EDWSubmissionLog.msl;provider=Oracle.DataAccess.Client;provider connection string='data source=&quot;(DESCRIPTION = (ADDRESS = (PROTOCOL = TCP)(HOST = __IntegrationDbServer__)(PORT = 1527))(CONNECT_DATA = (SERVER = DEDICATED)(SID = __IntegrationDbName__)))&quot;;password=__IntegrationDbPassword__;persist security info=True;user id=__IntegrationDbUsername__'" tags="">
    <parameterEntry kind="XmlFile" scope="\\web.config$" match="//connectionStrings/add[@name='EDWSubmissionLog']/@connectionString" />
  </parameter>

  <parameter name="SSOISEDWSubmissionConfiguration-Web.config Connection String" description="Connection string to " defaultValue="metadata=res://*/SSOIS.SSOISEDWSubmissionConfiguration.csdl|res://*/SSOIS.SSOISEDWSubmissionConfiguration.ssdl|res://*/SSOIS.SSOISEDWSubmissionConfiguration.msl;provider=Oracle.DataAccess.Client;provider connection string='data source=&quot;(DESCRIPTION = (ADDRESS = (PROTOCOL = TCP)(HOST = __IntegrationDbServer__)(PORT = 1527))(CONNECT_DATA = (SERVER = DEDICATED)(SID = __IntegrationDbName__)))&quot;;password=__IntegrationDbPassword__;persist security info=True;user id=__IntegrationDbUsername__'" tags="">
    <parameterEntry kind="XmlFile" scope="\\web.config$" match="//connectionStrings/add[@name='SSOISEDWSubmissionConfiguration']/@connectionString" />
  </parameter>

  <!--Custom Error-->
  <parameter name="CustomError Mode" description="Custom Error Mode" defaultValue="__CustomErrorMode__" tags="">
    <parameterEntry kind="XmlFile" scope="\\web.config$" match="//system.web/customErrors/@mode" />
  </parameter>

  <parameter name="CustomError DefaultRedirect" description="Custom Error DefaultRedirect" defaultValue="__CustomErrorDefaultRedirect__" tags="">
    <parameterValidation kind="AllowEmpty" />
    <parameterEntry kind="XmlFile" scope="\\web.config$" match="//system.web/customErrors/@defaultRedirect" />
  </parameter>

</parameters>